day_id,week_id,product_id,quantity,type
1,1,1,18,IN
2,1,1,36,IN
2,1,1,15,OUT
3,1,1,55,IN
3,1,1,39,OUT
4,1,1,16,OUT
6,1,1,40,OUT
4,1,2,13,OUT
1,1,3,10,OUT
2,1,3,41,OUT
3,1,3,13,OUT
4,1,3,82,OUT
5,1,3,10,OUT
1,1,4,1,IN
2,1,4,68,IN
3,1,4,20,IN
1,1,5,55,IN
2,1,5,37,IN
2,1,5,2,OUT
3,1,5,3,OUT
4,1,5,5,OUT
5,1,5,4,OUT
1,1,7,17,IN
1,1,7,10,OUT
2,1,7,35,OUT
3,1,7,24,OUT
4,1,7,13,OUT
5,1,7,4,OUT
6,1,7,6,OUT
2,1,8,40,IN
3,1,8,20,IN
1,1,9,64,IN
1,1,9,1,OUT
2,1,9,18,IN
3,1,9,50,IN
6,1,10,34,OUT
4,1,11,89,IN
1,1,12,4,OUT
2,1,12,15,OUT
3,1,12,8,OUT
4,1,12,5,OUT
5,1,12,4,OUT
6,1,12,16,OUT
1,1,14,4,OUT
2,1,14,2,IN
2,1,14,17,OUT
3,1,14,8,OUT
4,1,14,21,OUT
5,1,14,3,OUT
6,1,14,1,OUT
5,1,15,1,OUT
3,1,16,11,OUT
5,1,16,8,OUT
3,1,19,2,OUT
4,1,19,25,OUT
5,1,19,9,OUT
6,1,19,1,OUT
7,2,1,43,IN
8,2,1,36,IN
8,2,1,58,OUT
9,2,1,73,IN
10,2,1,3,OUT
11,2,1,34,OUT
10,2,2,4,OUT
11,2,2,19,OUT
7,2,3,18,OUT
8,2,3,22,OUT
9,2,3,10,OUT
10,2,3,10,OUT
11,2,3,8,OUT
12,2,3,2,OUT
11,2,4,82,IN
7,2,5,3,OUT
9,2,5,3,OUT
10,2,5,11,OUT
11,2,5,6,OUT
8,2,7,2,OUT
9,2,7,10,OUT
10,2,7,2,OUT
11,2,7,15,OUT
10,2,8,20,IN
11,2,8,40,IN
12,2,8,1,OUT
8,2,9,5,OUT
10,2,9,1,OUT
9,2,10,34,OUT
10,2,10,102,OUT
8,2,11,1,OUT
10,2,11,1,OUT
7,2,12,14,OUT
8,2,12,26,OUT
9,2,12,15,OUT
10,2,12,10,OUT
11,2,12,18,OUT
7,2,14,9,OUT
8,2,14,1,IN
8,2,14,8,OUT
9,2,14,2,OUT
10,2,14,11,OUT
11,2,14,10,OUT
12,2,14,12,OUT
7,2,15,1,OUT
8,2,15,1,OUT
10,2,15,52,IN
10,2,15,2,OUT
11,2,15,32,IN
8,2,16,2,OUT
9,2,16,6,OUT
10,2,16,4,OUT
9,2,18,25,IN
9,2,18,1,OUT
10,2,19,37,OUT
11,2,19,30,OUT
13,3,1,37,IN
13,3,1,21,OUT
14,3,1,18,IN
14,3,1,6,OUT
15,3,1,18,IN
15,3,1,19,OUT
16,3,1,31,OUT
17,3,1,50,OUT
13,3,2,11,OUT
14,3,2,6,OUT
15,3,2,10,OUT
16,3,2,11,OUT
13,3,3,4,OUT
14,3,3,42,OUT
15,3,3,39,OUT
16,3,3,14,OUT
17,3,3,8,OUT
16,3,4,11,IN
17,3,4,95,IN
13,3,5,12,OUT
14,3,5,9,OUT
15,3,5,2,IN
15,3,5,7,OUT
16,3,5,9,OUT
17,3,5,2,OUT
18,3,5,8,OUT
13,3,7,28,OUT
14,3,7,7,OUT
17,3,7,15,OUT
18,3,7,16,OUT
17,3,8,60,IN
13,3,9,3,OUT
16,3,9,2,OUT
15,3,10,33,OUT
15,3,11,84,IN
16,3,11,9,IN
13,3,12,19,OUT
14,3,12,47,OUT
15,3,12,22,OUT
16,3,12,18,OUT
17,3,12,5,OUT
17,3,13,1,OUT
13,3,14,49,OUT
14,3,14,3,OUT
15,3,14,15,OUT
16,3,14,13,OUT
17,3,14,3,OUT
18,3,14,3,OUT
13,3,15,16,IN
13,3,16,15,OUT
14,3,16,3,OUT
16,3,16,18,IN
16,3,16,3,OUT
17,3,16,18,IN
17,3,16,3,OUT
18,3,16,12,OUT
15,3,17,34,OUT
14,3,18,27,IN
15,3,18,31,IN
13,3,19,9,OUT
17,3,19,1,OUT
19,4,1,19,IN
20,4,1,54,IN
20,4,1,58,OUT
22,4,1,9,OUT
23,4,1,40,IN
23,4,1,13,OUT
19,4,2,5,OUT
21,4,2,18,IN
22,4,2,55,IN
22,4,2,2,OUT
23,4,2,18,IN
23,4,2,17,OUT
24,4,2,6,IN
20,4,3,18,OUT
21,4,3,27,OUT
22,4,3,70,OUT
23,4,3,11,OUT
24,4,3,18,OUT
20,4,4,48,IN
21,4,4,47,IN
19,4,5,8,OUT
20,4,5,4,OUT
23,4,5,10,IN
23,4,5,13,OUT
24,4,5,3,IN
19,4,7,5,OUT
22,4,7,2,IN
22,4,7,6,OUT
23,4,7,38,OUT
19,4,9,3,OUT
20,4,9,1,OUT
21,4,9,33,IN
22,4,9,34,IN
22,4,9,2,OUT
20,4,11,1,OUT
23,4,11,2,OUT
24,4,11,2,OUT
20,4,12,11,OUT
21,4,12,2,OUT
22,4,12,8,OUT
23,4,12,2,OUT
22,4,13,26,IN
23,4,13,61,IN
19,4,14,6,OUT
20,4,14,8,OUT
21,4,14,12,OUT
22,4,14,11,OUT
23,4,14,10,OUT
24,4,14,6,OUT
19,4,15,40,IN
20,4,15,60,IN
21,4,15,2,OUT
19,4,16,18,IN
19,4,16,6,OUT
20,4,16,18,IN
20,4,16,34,OUT
21,4,16,1,OUT
22,4,16,7,OUT
20,4,17,68,OUT
20,4,19,2,OUT
21,4,19,2,OUT
23,4,19,1,OUT
20,4,20,82,OUT
25,5,1,38,IN
25,5,1,20,OUT
26,5,1,72,IN
27,5,1,18,IN
27,5,1,30,OUT
28,5,1,11,OUT
29,5,1,54,IN
29,5,1,37,OUT
25,5,2,4,IN
26,5,2,5,OUT
28,5,2,4,OUT
29,5,2,8,OUT
25,5,3,49,OUT
27,5,3,17,OUT
28,5,3,6,OUT
26,5,4,60,IN
27,5,4,34,IN
25,5,5,17,OUT
26,5,5,3,OUT
27,5,5,8,OUT
28,5,5,37,IN
28,5,5,3,OUT
29,5,5,8,OUT
25,5,7,3,OUT
26,5,7,13,OUT
27,5,7,24,OUT
28,5,7,5,OUT
29,5,7,3,OUT
25,5,8,20,IN
26,5,8,40,IN
25,5,9,1,OUT
26,5,9,1,OUT
27,5,9,1,OUT
28,5,9,1,OUT
29,5,9,5,IN
25,5,11,1,OUT
27,5,11,20,IN
28,5,11,105,IN
28,5,11,1,OUT
29,5,11,63,IN
25,5,12,54,OUT
26,5,12,26,OUT
29,5,12,1,OUT
25,5,13,8,IN
25,5,14,1,IN
25,5,14,19,OUT
26,5,14,16,OUT
27,5,14,11,OUT
28,5,14,8,OUT
29,5,14,14,OUT
30,5,14,2,OUT
25,5,16,2,OUT
26,5,16,2,OUT
27,5,16,10,OUT
28,5,16,1,OUT
29,5,16,18,IN
29,5,16,2,OUT
25,5,19,2,OUT
27,5,19,1,OUT
29,5,19,28,OUT
30,5,19,8,OUT
31,6,1,18,IN
32,6,1,17,OUT
36,6,1,18,IN
31,6,2,13,OUT
34,6,2,18,IN
34,6,2,15,OUT
35,6,2,6,OUT
36,6,2,30,IN
31,6,3,17,OUT
32,6,3,22,OUT
33,6,3,21,OUT
34,6,3,4,OUT
36,6,3,2,OUT
34,6,4,94,IN
31,6,5,19,IN
31,6,5,7,OUT
32,6,5,36,IN
32,6,5,13,OUT
34,6,5,5,OUT
35,6,5,2,OUT
31,6,7,4,OUT
33,6,7,1,IN
33,6,7,6,OUT
31,6,9,86,IN
31,6,9,1,OUT
32,6,9,9,IN
33,6,9,2,OUT
34,6,9,1,OUT
35,6,10,34,OUT
36,6,10,34,OUT
32,6,11,1,OUT
36,6,11,6,OUT
31,6,12,9,OUT
32,6,12,10,OUT
33,6,12,5,OUT
34,6,12,2,OUT
35,6,12,7,OUT
36,6,12,21,OUT
32,6,13,71,IN
33,6,13,22,IN
31,6,14,11,OUT
32,6,14,11,OUT
33,6,14,6,OUT
34,6,14,10,OUT
35,6,14,4,OUT
36,6,14,6,OUT
32,6,16,18,IN
33,6,16,18,IN
33,6,16,12,OUT
35,6,16,18,IN
35,6,16,6,OUT
32,6,17,102,OUT
31,6,19,4,OUT
32,6,19,5,OUT
37,7,1,36,IN
37,7,1,5,OUT
38,7,1,20,OUT
39,7,1,37,IN
39,7,1,20,OUT
40,7,1,18,IN
40,7,1,144,OUT
41,7,1,18,IN
41,7,1,2,OUT
37,7,2,7,OUT
39,7,2,18,IN
40,7,2,24,OUT
41,7,2,24,IN
41,7,2,7,OUT
37,7,3,11,OUT
38,7,3,16,OUT
39,7,3,20,OUT
40,7,3,2,OUT
41,7,3,19,OUT
42,7,3,1,OUT
39,7,4,94,IN
37,7,5,10,OUT
38,7,5,3,OUT
39,7,5,5,OUT
40,7,5,5,OUT
41,7,5,2,OUT
37,7,6,19,OUT
38,7,6,48,OUT
39,7,6,26,OUT
41,7,6,3,OUT
42,7,6,9,OUT
38,7,7,15,OUT
40,7,7,27,OUT
41,7,7,17,OUT
42,7,7,6,OUT
37,7,8,40,IN
38,7,8,20,IN
37,7,9,1,OUT
39,7,9,45,IN
40,7,9,55,IN
41,7,9,2,OUT
39,7,10,34,OUT
40,7,10,68,OUT
37,7,11,50,IN
38,7,11,44,IN
38,7,11,1,OUT
38,7,12,15,OUT
39,7,12,8,OUT
41,7,12,25,OUT
42,7,12,70,OUT
37,7,14,4,OUT
38,7,14,10,OUT
39,7,14,15,OUT
40,7,14,9,OUT
41,7,14,4,OUT
42,7,14,2,OUT
39,7,15,2,OUT
40,7,15,39,IN
41,7,15,12,IN
42,7,15,1,IN
37,7,16,5,OUT
38,7,16,13,OUT
39,7,16,19,IN
39,7,16,14,OUT
40,7,16,4,OUT
41,7,16,20,OUT
37,7,19,14,OUT
38,7,19,4,OUT
39,7,19,23,IN
39,7,19,4,OUT
40,7,19,23,IN
40,7,19,5,OUT
41,7,19,46,IN
41,7,19,4,OUT
43,8,1,21,OUT
45,8,1,55,IN
45,8,1,1,OUT
47,8,1,58,OUT
43,8,2,54,IN
43,8,2,5,OUT
44,8,2,23,OUT
45,8,2,3,OUT
47,8,2,32,OUT
48,8,2,2,OUT
43,8,3,14,OUT
44,8,3,37,OUT
45,8,3,34,OUT
46,8,3,29,OUT
44,8,4,40,IN
45,8,4,38,IN
43,8,5,5,OUT
44,8,5,2,OUT
45,8,5,5,OUT
47,8,5,10,OUT
43,8,6,14,OUT
45,8,6,8,OUT
48,8,6,20,OUT
44,8,7,9,OUT
45,8,7,2,OUT
46,8,7,27,OUT
47,8,7,13,OUT
48,8,7,12,OUT
44,8,8,40,IN
45,8,8,20,IN
43,8,9,100,IN
43,8,9,1,OUT
46,8,10,103,OUT
43,8,11,1,OUT
45,8,11,1,OUT
46,8,11,1,OUT
44,8,12,5,OUT
45,8,12,7,OUT
46,8,12,40,OUT
47,8,13,79,IN
43,8,14,8,OUT
44,8,14,9,OUT
45,8,14,9,OUT
46,8,14,9,OUT
47,8,14,13,OUT
48,8,14,9,OUT
43,8,15,40,IN
44,8,15,8,IN
44,8,16,5,OUT
45,8,16,2,OUT
46,8,16,37,IN
47,8,16,5,OUT
43,8,18,27,IN
45,8,18,30,IN
46,8,18,24,IN
47,8,18,27,IN
43,8,19,21,OUT
45,8,19,1,OUT
47,8,19,8,OUT
47,8,20,27,OUT
49,9,1,20,OUT
51,9,1,18,IN
51,9,1,5,OUT
52,9,1,54,IN
52,9,1,78,OUT
53,9,1,73,IN
54,9,1,26,OUT
49,9,2,6,OUT
50,9,2,6,OUT
54,9,2,102,OUT
49,9,3,15,OUT
50,9,3,3,OUT
51,9,3,17,OUT
52,9,3,71,OUT
53,9,3,34,OUT
54,9,3,14,OUT
53,9,4,40,IN
49,9,5,3,IN
49,9,5,2,OUT
50,9,5,14,OUT
51,9,5,12,OUT
52,9,5,37,IN
52,9,5,23,OUT
53,9,5,28,OUT
54,9,5,3,OUT
49,9,6,4,OUT
50,9,6,2,OUT
51,9,6,36,OUT
53,9,6,11,OUT
54,9,6,6,OUT
49,9,7,4,OUT
50,9,7,6,OUT
51,9,7,45,OUT
52,9,7,1,OUT
53,9,7,2,IN
53,9,7,26,OUT
54,9,7,25,OUT
50,9,8,60,IN
51,9,8,15,IN
52,9,8,45,IN
49,9,9,1,OUT
50,9,9,38,IN
50,9,9,1,OUT
51,9,9,18,IN
52,9,9,45,IN
52,9,9,1,OUT
53,9,9,2,OUT
53,9,10,102,OUT
52,9,11,50,IN
52,9,11,1,OUT
53,9,11,28,IN
49,9,12,1,OUT
50,9,12,16,OUT
51,9,12,6,OUT
52,9,12,10,OUT
53,9,12,13,OUT
54,9,12,6,OUT
49,9,13,14,IN
49,9,14,9,OUT
50,9,14,9,OUT
51,9,14,3,OUT
52,9,14,9,OUT
53,9,14,6,OUT
54,9,14,2,OUT
49,9,16,2,OUT
50,9,16,6,IN
50,9,16,5,OUT
51,9,16,7,OUT
52,9,16,18,IN
53,9,17,103,OUT
52,9,19,60,OUT
53,9,19,5,OUT
53,9,20,28,OUT
56,10,1,19,IN
57,10,1,8,IN
57,10,1,8,OUT
58,10,1,21,OUT
60,10,1,3,OUT
55,10,2,13,OUT
56,10,2,6,OUT
57,10,2,3,OUT
58,10,2,18,IN
58,10,2,7,OUT
60,10,2,5,OUT
55,10,3,16,OUT
59,10,3,15,OUT
60,10,3,29,OUT
55,10,4,54,IN
59,10,4,44,IN
55,10,5,19,IN
56,10,5,18,IN
56,10,5,8,OUT
57,10,5,6,OUT
58,10,5,36,IN
58,10,5,2,OUT
59,10,5,7,OUT
60,10,5,6,OUT
55,10,6,7,OUT
56,10,6,2,OUT
57,10,6,14,OUT
58,10,7,2,IN
58,10,7,3,OUT
59,10,7,15,OUT
60,10,7,11,OUT
57,10,8,60,IN
56,10,9,6,OUT
58,10,9,1,OUT
58,10,10,103,OUT
57,10,11,3,OUT
55,10,12,10,OUT
56,10,12,10,OUT
57,10,12,4,OUT
59,10,12,11,OUT
59,10,13,1,OUT
55,10,14,1,OUT
56,10,14,4,OUT
57,10,14,2,OUT
58,10,14,3,OUT
59,10,14,13,OUT
56,10,15,2,OUT
57,10,15,20,IN
58,10,15,31,IN
55,10,16,18,IN
55,10,16,12,OUT
56,10,16,21,IN
56,10,16,3,OUT
57,10,16,5,IN
57,10,16,4,OUT
58,10,16,6,IN
58,10,16,3,OUT
59,10,16,9,OUT
60,10,16,23,IN
57,10,19,5,OUT
58,10,19,4,OUT
58,10,20,27,OUT
62,11,1,1,OUT
63,11,1,72,IN
63,11,1,41,OUT
64,11,1,7,OUT
65,11,1,8,IN
65,11,1,1,OUT
66,11,1,2,OUT
63,11,2,4,OUT
64,11,2,12,IN
64,11,2,5,OUT
65,11,2,18,IN
65,11,2,11,OUT
66,11,2,6,IN
61,11,3,10,OUT
62,11,3,25,OUT
64,11,3,2,OUT
65,11,3,24,OUT
66,11,3,14,OUT
61,11,4,50,IN
61,11,5,19,IN
61,11,5,5,OUT
62,11,5,21,OUT
63,11,5,18,IN
63,11,5,2,OUT
64,11,5,19,IN
64,11,5,8,OUT
65,11,5,23,IN
65,11,5,2,OUT
66,11,5,3,OUT
61,11,6,4,OUT
62,11,6,11,OUT
63,11,6,6,OUT
64,11,6,13,OUT
65,11,6,2,OUT
66,11,6,12,OUT
61,11,7,7,IN
61,11,7,3,OUT
62,11,7,18,OUT
63,11,7,8,IN
65,11,7,19,OUT
66,11,7,9,OUT
61,11,8,60,IN
65,11,8,60,IN
63,11,9,1,OUT
63,11,11,22,IN
63,11,11,1,OUT
64,11,11,56,IN
64,11,11,2,OUT
66,11,11,1,OUT
62,11,12,18,OUT
65,11,12,23,OUT
66,11,12,2,OUT
62,11,13,78,IN
65,11,13,1,OUT
61,11,14,7,OUT
62,11,14,14,OUT
63,11,14,12,OUT
64,11,14,22,OUT
65,11,14,1,OUT
66,11,14,19,OUT
61,11,15,41,IN
62,11,15,8,IN
65,11,15,2,OUT
61,11,16,18,IN
62,11,16,4,IN
63,11,16,18,IN
64,11,16,2,OUT
63,11,18,27,IN
64,11,18,6,IN
65,11,18,28,IN
66,11,18,20,IN
61,11,19,2,OUT
62,11,19,3,OUT
65,11,19,14,OUT
66,11,19,4,OUT
64,11,20,27,OUT
67,12,1,30,OUT
68,12,1,25,OUT
69,12,1,36,IN
70,12,1,21,OUT
71,12,1,36,IN
71,12,1,3,OUT
72,12,1,54,IN
72,12,1,15,OUT
67,12,2,10,OUT
69,12,2,56,IN
69,12,2,11,OUT
71,12,2,8,OUT
72,12,2,18,IN
72,12,2,35,OUT
67,12,3,15,OUT
68,12,3,11,OUT
72,12,3,41,OUT
69,12,4,76,IN
71,12,4,17,IN
67,12,5,9,OUT
68,12,5,8,OUT
69,12,5,8,OUT
71,12,5,6,OUT
72,12,5,14,OUT
68,12,6,8,OUT
69,12,6,3,OUT
70,12,6,22,OUT
71,12,6,12,OUT
72,12,6,24,OUT
67,12,7,5,OUT
68,12,7,13,OUT
69,12,7,9,OUT
71,12,7,13,OUT
68,12,8,20,IN
69,12,8,40,IN
67,12,9,8,IN
68,12,9,92,IN
68,12,9,3,OUT
69,12,9,1,OUT
71,12,9,75,IN
72,12,9,61,IN
68,12,10,1,OUT
69,12,11,1,OUT
71,12,11,1,OUT
67,12,12,5,OUT
72,12,12,16,OUT
67,12,14,8,OUT
68,12,14,8,OUT
69,12,14,5,OUT
71,12,14,26,OUT
72,12,14,4,OUT
71,12,15,2,OUT
72,12,15,27,IN
67,12,16,18,IN
67,12,16,2,OUT
68,12,16,21,OUT
71,12,16,2,OUT
67,12,17,35,OUT
68,12,17,68,OUT
67,12,18,27,IN
71,12,18,11,IN
72,12,18,16,IN
70,12,19,45,IN
68,12,20,28,OUT
73,13,1,1,IN
73,13,1,21,OUT
74,13,1,38,IN
74,13,1,20,OUT
75,13,1,18,IN
78,13,1,73,IN
73,13,2,10,IN
73,13,2,24,OUT
74,13,2,4,OUT
75,13,2,37,IN
75,13,2,12,OUT
78,13,2,14,OUT
73,13,3,5,OUT
74,13,3,1,OUT
75,13,3,22,OUT
78,13,3,3,OUT
74,13,5,6,OUT
75,13,5,18,OUT
78,13,5,23,OUT
73,13,6,20,OUT
75,13,6,1,OUT
78,13,6,21,OUT
73,13,7,139,OUT
74,13,7,1,OUT
75,13,7,8,OUT
76,13,7,27,OUT
78,13,7,14,OUT
74,13,8,32,IN
75,13,8,28,IN
78,13,8,60,IN
73,13,9,1,OUT
75,13,9,51,IN
75,13,9,2,OUT
78,13,9,2,OUT
73,13,11,61,IN
74,13,11,17,IN
74,13,11,1,OUT
75,13,12,4,OUT
78,13,12,21,OUT
78,13,13,78,IN
73,13,14,3,OUT
74,13,14,5,OUT
75,13,14,6,OUT
78,13,14,9,OUT
73,13,15,40,IN
73,13,16,14,OUT
74,13,16,10,OUT
75,13,16,8,OUT
75,13,18,17,IN
73,13,19,6,OUT
74,13,20,28,OUT
75,13,20,56,OUT
79,14,1,54,IN
79,14,1,10,OUT
81,14,1,2,IN
81,14,1,26,OUT
82,14,1,123,OUT
83,14,1,36,OUT
79,14,2,20,OUT
80,14,2,10,IN
80,14,2,2,OUT
81,14,2,8,OUT
82,14,2,11,IN
82,14,2,15,OUT
83,14,2,6,OUT
79,14,3,13,OUT
80,14,3,36,OUT
81,14,3,26,OUT
81,14,4,18,IN
82,14,4,40,IN
84,14,4,36,IN
79,14,5,5,OUT
80,14,5,19,IN
80,14,5,2,OUT
81,14,5,2,IN
81,14,5,2,OUT
82,14,5,6,OUT
84,14,5,11,OUT
81,14,6,9,OUT
82,14,6,20,IN
82,14,6,1,OUT
83,14,6,9,OUT
84,14,6,1,OUT
79,14,7,3,OUT
82,14,7,10,OUT
84,14,7,9,OUT
81,14,9,3,OUT
82,14,9,1,OUT
83,14,9,1,OUT
84,14,9,48,IN
84,14,9,1,OUT
82,14,10,240,OUT
83,14,10,34,OUT
81,14,11,3,OUT
79,14,12,10,OUT
80,14,12,34,OUT
81,14,12,43,OUT
82,14,12,3,OUT
84,14,12,4,OUT
79,14,14,11,OUT
81,14,14,20,OUT
82,14,14,7,OUT
83,14,14,1,OUT
84,14,14,7,OUT
81,14,16,37,IN
81,14,16,2,OUT
82,14,16,3,OUT
84,14,16,10,OUT
82,14,17,34,OUT
83,14,17,34,OUT
79,14,18,10,IN
79,14,19,3,OUT
80,14,19,5,OUT
84,14,19,22,OUT
81,14,20,27,OUT
85,15,1,91,IN
85,15,1,20,OUT
86,15,1,20,OUT
87,15,1,90,OUT
88,15,1,83,IN
88,15,1,10,OUT
90,15,1,73,IN
90,15,1,29,OUT
86,15,2,24,IN
87,15,2,18,IN
87,15,2,12,OUT
88,15,2,41,IN
88,15,2,10,OUT
89,15,2,18,IN
90,15,2,14,OUT
86,15,3,12,OUT
87,15,3,8,OUT
88,15,3,4,OUT
89,15,3,43,OUT
90,15,3,5,OUT
90,15,4,94,IN
85,15,5,5,OUT
86,15,5,18,IN
87,15,5,5,OUT
88,15,5,14,OUT
89,15,5,6,OUT
90,15,5,18,IN
85,15,6,18,IN
85,15,6,10,OUT
86,15,6,37,IN
86,15,6,12,OUT
87,15,6,11,OUT
88,15,6,5,OUT
89,15,6,55,IN
90,15,6,18,IN
90,15,6,59,OUT
85,15,7,60,OUT
86,15,7,6,OUT
87,15,7,9,OUT
88,15,7,2,OUT
85,15,9,1,OUT
87,15,9,3,OUT
89,15,9,60,IN
89,15,9,2,OUT
90,15,9,1,OUT
88,15,11,93,IN
86,15,12,10,OUT
88,15,12,2,OUT
89,15,12,11,OUT
85,15,13,2,OUT
86,15,13,86,IN
87,15,13,7,IN
85,15,14,9,OUT
86,15,14,11,OUT
87,15,14,7,OUT
88,15,14,17,OUT
89,15,14,4,OUT
90,15,14,6,OUT
85,15,16,4,OUT
86,15,16,2,OUT
87,15,16,37,IN
87,15,16,3,OUT
88,15,16,10,OUT
89,15,16,2,OUT
90,15,16,14,OUT
86,15,18,8,IN
87,15,18,19,IN
89,15,18,16,IN
90,15,18,30,IN
86,15,19,12,OUT
88,15,19,4,OUT
90,15,19,3,OUT
87,15,20,27,OUT
91,16,1,18,IN
91,16,1,60,OUT
92,16,1,21,OUT
93,16,1,20,IN
94,16,1,9,OUT
96,16,1,37,IN
91,16,2,13,OUT
92,16,2,7,OUT
93,16,2,9,OUT
94,16,2,37,IN
94,16,2,29,OUT
95,16,2,8,OUT
96,16,2,36,IN
96,16,2,33,OUT
92,16,3,9,OUT
93,16,3,1,OUT
94,16,3,9,OUT
96,16,3,72,OUT
96,16,4,70,IN
91,16,5,18,IN
91,16,5,7,OUT
92,16,5,7,OUT
93,16,5,2,IN
93,16,5,3,OUT
94,16,5,3,OUT
95,16,5,3,OUT
96,16,5,17,OUT
91,16,6,25,OUT
92,16,6,17,OUT
93,16,6,13,OUT
94,16,6,9,OUT
91,16,7,14,IN
91,16,7,16,OUT
92,16,7,2,OUT
93,16,7,5,OUT
94,16,7,4,OUT
96,16,8,20,IN
91,16,9,40,IN
91,16,9,2,OUT
92,16,9,1,OUT
93,16,9,1,OUT
95,16,9,1,OUT
96,16,9,1,OUT
95,16,10,12,IN
95,16,11,93,IN
96,16,11,1,OUT
91,16,12,12,OUT
93,16,12,8,OUT
94,16,12,17,OUT
92,16,13,93,IN
96,16,13,2,OUT
91,16,14,15,OUT
92,16,14,4,OUT
93,16,14,16,OUT
94,16,14,2,OUT
95,16,14,1,OUT
96,16,14,5,OUT
91,16,15,51,IN
95,16,15,49,IN
95,16,15,1,OUT
91,16,16,8,OUT
92,16,16,18,IN
92,16,16,7,OUT
93,16,16,18,IN
93,16,16,5,OUT
96,16,16,4,OUT
91,16,18,8,IN
96,16,18,3,IN
91,16,19,4,OUT
92,16,19,23,IN
92,16,19,19,OUT
93,16,19,4,OUT
97,17,1,160,OUT
98,17,1,54,IN
99,17,1,19,IN
100,17,1,18,IN
101,17,1,72,IN
101,17,1,4,OUT
102,17,1,18,IN
102,17,1,44,OUT
97,17,2,4,IN
97,17,2,28,OUT
98,17,2,18,IN
100,17,2,7,OUT
102,17,2,4,OUT
97,17,3,32,OUT
99,17,3,2,OUT
100,17,3,18,OUT
102,17,3,8,OUT
97,17,4,24,IN
97,17,5,24,OUT
98,17,5,36,IN
98,17,5,4,OUT
100,17,5,9,OUT
101,17,5,19,IN
101,17,5,10,OUT
97,17,6,56,OUT
99,17,6,11,OUT
100,17,6,15,OUT
101,17,6,14,OUT
102,17,6,1,OUT
98,17,7,3,OUT
100,17,7,4,OUT
101,17,7,28,OUT
102,17,7,36,OUT
97,17,8,8,IN
97,17,9,63,IN
101,17,9,38,IN
101,17,9,2,OUT
102,17,9,1,OUT
98,17,10,104,OUT
99,17,10,68,OUT
98,17,11,2,OUT
100,17,12,47,OUT
102,17,12,25,OUT
100,17,13,82,IN
101,17,13,11,IN
102,17,13,1,OUT
97,17,14,11,OUT
98,17,14,5,OUT
99,17,14,5,OUT
100,17,14,12,OUT
101,17,14,29,OUT
102,17,14,5,OUT
100,17,15,59,IN
101,17,15,42,IN
102,17,15,65,IN
97,17,16,4,OUT
98,17,16,9,OUT
100,17,16,6,OUT
101,17,16,16,OUT
102,17,16,36,IN
102,17,16,2,OUT
98,17,17,35,OUT
97,17,18,24,IN
97,17,19,23,IN
97,17,20,29,OUT
98,17,20,54,OUT
103,18,1,18,IN
103,18,1,54,OUT
104,18,1,36,IN
104,18,1,79,OUT
105,18,1,18,IN
105,18,1,3,OUT
106,18,1,18,IN
106,18,1,15,OUT
107,18,1,73,IN
107,18,1,21,OUT
108,18,1,17,OUT
103,18,2,9,OUT
104,18,2,3,OUT
105,18,2,4,OUT
106,18,2,13,OUT
107,18,2,36,IN
107,18,2,13,OUT
108,18,2,36,IN
108,18,2,23,OUT
103,18,3,7,OUT
104,18,3,14,OUT
105,18,3,19,OUT
106,18,3,34,OUT
107,18,3,10,OUT
104,18,4,94,IN
107,18,4,15,IN
108,18,4,96,IN
103,18,5,37,IN
103,18,5,8,OUT
104,18,5,18,IN
104,18,5,4,OUT
106,18,5,23,OUT
107,18,5,6,OUT
108,18,5,3,IN
108,18,5,24,OUT
103,18,6,18,IN
103,18,6,6,OUT
104,18,6,11,OUT
105,18,6,18,IN
105,18,6,23,OUT
106,18,6,2,IN
107,18,6,42,OUT
108,18,6,4,OUT
103,18,7,38,OUT
104,18,7,5,OUT
107,18,7,16,OUT
103,18,8,44,IN
103,18,9,51,IN
103,18,9,1,OUT
106,18,9,49,IN
108,18,9,51,IN
108,18,11,1,OUT
104,18,12,3,OUT
105,18,12,12,OUT
107,18,12,33,OUT
108,18,12,10,OUT
106,18,13,55,IN
107,18,13,57,IN
103,18,14,23,OUT
104,18,14,10,OUT
106,18,14,5,OUT
107,18,14,3,OUT
108,18,14,14,OUT
103,18,15,2,IN
103,18,16,4,OUT
104,18,16,18,OUT
105,18,16,13,OUT
106,18,16,3,IN
106,18,16,12,OUT
107,18,16,31,OUT
108,18,16,10,OUT
104,18,17,70,OUT
103,18,18,11,IN
106,18,18,43,IN
103,18,19,2,OUT
106,18,19,6,OUT
108,18,19,11,OUT
104,18,20,27,OUT
109,19,1,18,IN
109,19,1,63,OUT
110,19,1,8,OUT
111,19,1,36,IN
111,19,1,63,OUT
113,19,1,36,IN
113,19,1,2,OUT
114,19,1,127,IN
114,19,1,8,OUT
109,19,2,18,IN
109,19,2,18,OUT
110,19,2,18,IN
110,19,2,31,OUT
112,19,2,18,IN
112,19,2,35,OUT
113,19,2,39,IN
113,19,2,22,OUT
114,19,2,7,OUT
109,19,3,17,OUT
110,19,3,20,OUT
111,19,3,2,OUT
112,19,3,76,OUT
113,19,3,3,OUT
114,19,3,8,OUT
110,19,5,19,IN
110,19,5,20,OUT
111,19,5,18,IN
112,19,5,13,OUT
113,19,5,3,OUT
114,19,5,15,OUT
109,19,6,59,OUT
110,19,6,18,IN
111,19,6,18,IN
111,19,6,31,OUT
113,19,6,18,OUT
114,19,6,12,OUT
109,19,7,8,OUT
111,19,7,5,OUT
112,19,7,2,OUT
113,19,7,23,OUT
114,19,7,5,OUT
109,19,8,52,IN
110,19,8,8,IN
110,19,9,40,IN
112,19,9,9,IN
113,19,9,1,OUT
109,19,10,34,OUT
110,19,10,68,OUT
111,19,10,18,IN
111,19,10,36,OUT
114,19,11,1,OUT
109,19,12,15,OUT
110,19,12,16,OUT
111,19,12,19,OUT
112,19,12,17,OUT
114,19,12,6,OUT
110,19,13,2,OUT
109,19,14,5,OUT
110,19,14,5,OUT
111,19,14,2,OUT
112,19,14,4,OUT
113,19,14,11,OUT
114,19,14,1,OUT
112,19,15,1,OUT
109,19,16,2,OUT
110,19,16,11,OUT
112,19,16,3,OUT
113,19,16,5,OUT
109,19,17,136,OUT
111,19,17,35,OUT
112,19,18,20,IN
113,19,18,21,IN
114,19,18,13,IN
110,19,19,2,OUT
111,19,19,20,OUT
112,19,19,4,OUT
113,19,19,4,OUT
115,20,1,18,IN
115,20,1,13,OUT
116,20,1,41,OUT
117,20,1,6,IN
118,20,1,54,IN
118,20,1,43,OUT
119,20,1,18,IN
119,20,1,43,OUT
120,20,1,37,IN
120,20,1,62,OUT
116,20,2,10,OUT
117,20,2,8,OUT
119,20,2,18,IN
119,20,2,10,OUT
120,20,2,29,IN
116,20,3,21,OUT
118,20,3,69,OUT
120,20,3,15,OUT
117,20,4,80,IN
118,20,4,14,IN
115,20,5,9,OUT
116,20,5,19,IN
116,20,5,3,OUT
117,20,5,18,IN
117,20,5,4,OUT
118,20,5,20,IN
118,20,5,4,OUT
119,20,5,6,OUT
120,20,5,32,OUT
115,20,6,18,IN
116,20,6,3,OUT
120,20,6,4,IN
120,20,6,9,OUT
115,20,7,20,OUT
117,20,7,24,OUT
115,20,8,12,IN
117,20,8,80,IN
118,20,8,5,IN
117,20,9,2,OUT
119,20,9,1,OUT
120,20,9,84,IN
116,20,10,103,OUT
120,20,10,34,OUT
116,20,11,66,IN
118,20,11,27,IN
117,20,12,9,OUT
119,20,12,2,OUT
120,20,12,48,OUT
117,20,13,64,IN
118,20,13,48,IN
115,20,14,12,OUT
116,20,14,13,OUT
117,20,14,10,OUT
118,20,14,5,OUT
119,20,14,16,OUT
120,20,14,2,OUT
119,20,15,51,IN
120,20,15,49,IN
115,20,16,38,IN
116,20,16,14,OUT
118,20,16,9,OUT
120,20,16,7,OUT
115,20,18,22,IN
116,20,18,22,IN
117,20,18,11,IN
120,20,18,27,IN
115,20,19,9,OUT
118,20,19,3,OUT
119,20,19,9,OUT
116,20,20,55,OUT
121,21,1,26,OUT
124,21,1,18,IN
124,21,1,29,OUT
125,21,1,8,OUT
126,21,1,18,IN
121,21,2,16,OUT
122,21,2,37,IN
122,21,2,5,OUT
125,21,2,36,IN
125,21,2,45,OUT
126,21,2,43,OUT
122,21,3,2,OUT
123,21,3,1,OUT
124,21,3,27,OUT
125,21,3,10,OUT
126,21,3,18,OUT
121,21,4,100,IN
124,21,4,7,IN
121,21,5,9,OUT
124,21,5,19,IN
124,21,5,2,OUT
125,21,5,6,OUT
126,21,5,8,OUT
121,21,6,3,OUT
122,21,6,13,OUT
123,21,6,18,OUT
125,21,6,32,OUT
126,21,6,32,OUT
121,21,7,12,OUT
124,21,7,32,OUT
125,21,7,2,OUT
126,21,7,20,OUT
121,21,8,29,IN
124,21,8,56,IN
121,21,9,16,IN
125,21,9,2,OUT
126,21,9,67,IN
126,21,10,34,OUT
124,21,11,49,IN
125,21,11,45,IN
121,21,12,4,OUT
125,21,12,27,OUT
126,21,12,17,OUT
125,21,13,76,IN
125,21,13,1,OUT
126,21,13,35,IN
121,21,14,4,OUT
122,21,14,3,OUT
123,21,14,5,OUT
124,21,14,4,OUT
125,21,14,17,OUT
126,21,14,5,OUT
126,21,15,20,IN
121,21,16,18,IN
121,21,16,8,OUT
125,21,16,5,OUT
126,21,16,8,OUT
126,21,17,34,OUT
124,21,18,16,IN
125,21,18,12,IN
126,21,18,24,IN
121,21,19,3,OUT
125,21,19,10,OUT
126,21,20,58,OUT
127,22,1,19,IN
127,22,1,163,OUT
128,22,1,18,IN
128,22,1,28,OUT
131,22,1,37,IN
131,22,1,9,OUT
132,22,1,36,IN
127,22,2,5,OUT
128,22,2,22,OUT
130,22,2,37,IN
131,22,2,18,IN
131,22,2,39,OUT
132,22,2,18,IN
132,22,2,17,OUT
127,22,3,8,OUT
128,22,3,17,OUT
130,22,3,17,OUT
132,22,3,73,OUT
128,22,4,30,IN
130,22,4,77,IN
127,22,5,18,IN
130,22,5,2,IN
130,22,5,18,OUT
131,22,5,37,IN
131,22,5,7,OUT
132,22,5,3,OUT
127,22,6,18,IN
130,22,6,1,IN
130,22,6,6,OUT
132,22,6,14,OUT
127,22,7,6,OUT
128,22,7,44,OUT
131,22,7,5,OUT
130,22,8,47,IN
131,22,8,13,IN
128,22,9,2,OUT
131,22,9,1,OUT
132,22,9,3,OUT
127,22,11,25,IN
128,22,11,68,IN
128,22,11,1,OUT
130,22,11,2,IN
130,22,11,1,OUT
127,22,12,12,OUT
128,22,12,16,OUT
129,22,12,32,OUT
130,22,12,26,OUT
132,22,12,11,OUT
131,22,13,39,IN
132,22,13,16,IN
127,22,14,12,OUT
128,22,14,8,OUT
129,22,14,78,OUT
130,22,14,9,OUT
132,22,14,13,OUT
127,22,15,80,IN
127,22,15,2,OUT
127,22,16,18,IN
132,22,16,36,IN
127,22,17,68,OUT
127,22,18,3,IN
128,22,18,30,IN
130,22,18,24,IN
132,22,18,16,IN
127,22,19,25,OUT
128,22,19,18,OUT
130,22,19,7,OUT
132,22,19,24,IN
132,22,19,4,OUT
127,22,20,55,OUT
133,23,1,21,OUT
134,23,1,36,IN
134,23,1,21,OUT
137,23,1,18,IN
133,23,2,4,OUT
135,23,2,36,IN
135,23,2,2,OUT
138,23,2,12,OUT
133,23,3,22,OUT
135,23,3,9,OUT
136,23,3,17,OUT
137,23,3,8,OUT
138,23,3,9,OUT
134,23,4,60,IN
136,23,4,3,OUT
137,23,4,43,IN
138,23,4,4,IN
133,23,5,11,OUT
134,23,5,5,OUT
135,23,5,3,OUT
137,23,5,18,IN
137,23,5,3,OUT
138,23,5,4,OUT
133,23,6,12,OUT
134,23,6,54,OUT
135,23,6,12,OUT
136,23,6,12,OUT
137,23,6,8,OUT
138,23,6,18,IN
133,23,7,6,OUT
135,23,7,19,OUT
136,23,7,46,OUT
138,23,7,11,OUT
134,23,9,1,OUT
137,23,9,3,OUT
133,23,10,36,OUT
134,23,10,136,OUT
133,23,11,1,OUT
135,23,11,1,OUT
138,23,11,61,IN
133,23,12,19,OUT
135,23,12,9,OUT
136,23,12,38,OUT
137,23,12,6,OUT
138,23,12,16,OUT
133,23,13,1,OUT
134,23,13,32,IN
133,23,14,3,OUT
134,23,14,1,OUT
135,23,14,4,OUT
137,23,14,13,OUT
138,23,14,4,OUT
133,23,16,5,OUT
134,23,16,2,OUT
138,23,16,3,OUT
134,23,17,34,OUT
135,23,17,68,OUT
133,23,18,11,IN
133,23,19,5,OUT
135,23,19,3,OUT
137,23,19,9,OUT
138,23,19,46,IN
138,23,19,5,OUT
133,23,20,27,OUT
134,23,20,57,OUT
135,23,20,28,OUT
139,24,1,3,IN
139,24,1,3,OUT
140,24,1,3,OUT
142,24,1,36,IN
143,24,1,36,IN
143,24,1,19,OUT
144,24,1,76,OUT
139,24,2,78,IN
139,24,2,6,OUT
140,24,2,22,OUT
141,24,2,27,OUT
142,24,2,18,IN
143,24,2,2,IN
143,24,2,83,OUT
144,24,2,36,IN
139,24,3,55,OUT
140,24,3,25,OUT
141,24,3,18,OUT
143,24,3,20,OUT
139,24,4,41,IN
139,24,4,1,OUT
140,24,4,67,IN
141,24,4,1,OUT
139,24,5,3,IN
139,24,5,21,OUT
140,24,5,18,IN
140,24,5,9,OUT
141,24,5,37,IN
141,24,5,20,OUT
143,24,5,6,OUT
139,24,6,67,OUT
140,24,6,9,IN
140,24,6,21,OUT
141,24,6,36,IN
141,24,6,1,OUT
142,24,6,3,OUT
143,24,6,30,OUT
144,24,6,1,OUT
140,24,7,6,OUT
141,24,7,5,OUT
143,24,7,1,OUT
144,24,7,9,OUT
139,24,8,1,OUT
144,24,8,50,IN
139,24,9,2,OUT
144,24,9,2,OUT
139,24,11,34,IN
139,24,11,1,OUT
141,24,11,2,OUT
143,24,11,1,OUT
140,24,12,27,OUT
141,24,12,4,OUT
142,24,12,15,OUT
143,24,12,23,OUT
139,24,13,64,IN
140,24,13,16,IN
141,24,13,24,IN
143,24,13,70,IN
144,24,13,19,IN
139,24,14,5,OUT
140,24,14,20,OUT
141,24,14,6,OUT
143,24,14,21,OUT
144,24,14,5,OUT
139,24,15,42,IN
139,24,15,1,OUT
140,24,15,58,IN
139,24,16,1,OUT
140,24,16,6,OUT
141,24,16,6,OUT
143,24,16,2,OUT
144,24,16,8,OUT
140,24,19,15,OUT
141,24,19,2,OUT
144,24,19,12,OUT
142,24,20,55,OUT
145,25,1,36,IN
145,25,1,3,OUT
146,25,1,70,OUT
147,25,1,54,IN
147,25,1,41,OUT
150,25,1,37,IN
145,25,2,18,IN
145,25,2,30,OUT
146,25,2,18,IN
146,25,2,14,OUT
147,25,2,37,IN
147,25,2,15,OUT
150,25,2,28,OUT
145,25,3,14,OUT
147,25,4,38,IN
150,25,4,69,IN
146,25,5,14,OUT
147,25,5,38,IN
150,25,5,7,OUT
145,25,6,12,OUT
146,25,6,14,OUT
147,25,6,4,OUT
150,25,6,13,OUT
146,25,7,3,IN
147,25,7,20,OUT
150,25,7,17,OUT
145,25,8,34,IN
145,25,9,1,OUT
146,25,9,7,IN
147,25,9,45,IN
147,25,9,1,OUT
150,25,9,48,IN
146,25,11,1,OUT
150,25,11,1,OUT
145,25,12,6,OUT
150,25,12,8,OUT
145,25,14,5,OUT
146,25,14,8,OUT
147,25,14,11,OUT
150,25,14,4,OUT
145,25,16,7,OUT
146,25,16,10,OUT
148,25,17,102,OUT
145,25,18,35,IN
146,25,18,46,IN
150,25,18,26,IN
145,25,19,5,OUT
147,25,19,46,IN
148,25,19,10,OUT
151,26,1,19,IN
151,26,1,10,OUT
152,26,1,72,IN
153,26,1,73,IN
153,26,1,19,OUT
154,26,1,63,OUT
155,26,1,30,OUT
156,26,1,60,IN
156,26,1,58,OUT
152,26,2,4,OUT
153,26,2,14,IN
154,26,2,33,IN
154,26,2,11,OUT
155,26,2,37,IN
156,26,2,3,IN
156,26,2,15,OUT
151,26,3,4,OUT
152,26,3,39,OUT
153,26,3,12,OUT
154,26,3,99,OUT
156,26,3,30,OUT
151,26,5,4,OUT
152,26,5,13,OUT
155,26,5,10,OUT
156,26,5,7,OUT
151,26,6,4,OUT
152,26,6,33,OUT
154,26,6,5,OUT
155,26,6,29,OUT
151,26,7,2,OUT
152,26,7,13,OUT
153,26,7,20,OUT
154,26,7,1,IN
154,26,7,18,OUT
156,26,7,14,OUT
151,26,8,41,IN
153,26,8,43,IN
154,26,8,41,IN
151,26,9,1,IN
151,26,9,4,OUT
152,26,9,1,OUT
153,26,9,1,OUT
154,26,9,10,IN
155,26,9,60,IN
156,26,9,30,IN
155,26,10,69,OUT
156,26,10,19,IN
151,26,11,84,IN
151,26,11,1,OUT
152,26,11,10,IN
153,26,11,1,OUT
154,26,11,4,OUT
155,26,11,1,OUT
151,26,12,8,OUT
152,26,12,7,OUT
153,26,12,3,OUT
154,26,12,31,OUT
153,26,13,74,IN
154,26,13,28,IN
155,26,13,11,IN
151,26,14,9,OUT
152,26,14,6,OUT
153,26,14,20,OUT
154,26,14,11,OUT
155,26,14,3,OUT
156,26,14,7,OUT
154,26,15,1,OUT
156,26,15,71,IN
151,26,16,6,OUT
152,26,16,10,OUT
153,26,16,3,IN
154,26,16,2,OUT
155,26,16,2,OUT
156,26,16,2,OUT
151,26,18,3,IN
152,26,18,30,IN
153,26,18,23,IN
153,26,19,16,OUT
155,26,19,1,OUT
151,26,20,27,OUT
153,26,20,54,OUT
155,26,20,28,OUT
157,27,1,55,IN
157,27,1,41,OUT
158,27,1,4,OUT
159,27,1,18,IN
160,27,1,72,OUT
161,27,1,73,IN
162,27,1,111,IN
160,27,2,11,OUT
161,27,2,36,IN
157,27,3,44,OUT
158,27,3,21,OUT
160,27,3,2,OUT
162,27,3,1,OUT
158,27,4,97,IN
160,27,4,10,IN
162,27,4,28,IN
157,27,5,18,IN
157,27,5,3,OUT
158,27,5,17,OUT
160,27,5,18,OUT
161,27,5,6,OUT
162,27,5,2,OUT
157,27,6,24,OUT
158,27,6,25,OUT
159,27,6,13,OUT
160,27,6,76,OUT
162,27,6,19,IN
162,27,6,8,OUT
158,27,7,2,OUT
160,27,7,2,OUT
161,27,7,64,OUT
162,27,7,13,OUT
160,27,8,34,IN
158,27,9,2,OUT
160,27,9,1,OUT
161,27,9,1,OUT
158,27,10,34,OUT
162,27,10,102,OUT
158,27,11,1,OUT
160,27,11,75,IN
161,27,11,19,IN
157,27,12,35,OUT
158,27,12,2,OUT
159,27,12,10,OUT
160,27,12,27,OUT
162,27,12,17,OUT
158,27,13,1,OUT
161,27,13,37,IN
162,27,13,65,IN
157,27,14,6,OUT
158,27,14,4,OUT
159,27,14,6,OUT
160,27,14,9,OUT
161,27,14,9,OUT
157,27,15,30,IN
157,27,15,1,OUT
160,27,15,1,OUT
157,27,16,3,OUT
158,27,16,18,IN
159,27,16,18,IN
160,27,16,5,OUT
161,27,16,2,OUT
162,27,16,2,OUT
161,27,17,34,OUT
162,27,17,68,OUT
158,27,18,27,IN
162,27,18,54,IN
158,27,19,16,OUT
160,27,19,10,OUT
161,27,19,1,OUT
161,27,20,28,OUT
162,27,20,28,OUT
163,28,1,18,IN
163,28,1,60,OUT
164,28,1,31,IN
164,28,1,82,OUT
167,28,1,8,IN
168,28,1,54,IN
168,28,1,12,OUT
163,28,2,5,OUT
165,28,2,55,IN
166,28,2,2,OUT
167,28,2,18,IN
167,28,2,6,OUT
168,28,2,18,IN
168,28,2,9,OUT
163,28,3,34,OUT
164,28,3,26,OUT
165,28,3,12,OUT
166,28,3,51,OUT
168,28,3,66,OUT
163,28,4,74,IN
164,28,4,5,IN
163,28,5,14,OUT
164,28,5,54,IN
166,28,5,2,OUT
167,28,5,25,IN
167,28,5,2,OUT
168,28,5,8,OUT
163,28,6,10,OUT
164,28,6,14,OUT
165,28,6,18,IN
165,28,6,8,OUT
166,28,6,11,OUT
167,28,6,19,IN
167,28,6,5,OUT
168,28,6,14,OUT
163,28,7,8,OUT
164,28,7,41,OUT
166,28,7,18,OUT
167,28,7,6,OUT
164,28,8,26,IN
166,28,8,34,IN
163,28,9,2,OUT
167,28,9,2,OUT
163,28,11,1,OUT
166,28,11,87,IN
167,28,11,7,IN
168,28,11,15,IN
163,28,12,6,OUT
166,28,12,56,OUT
167,28,12,9,OUT
168,28,12,14,OUT
163,28,13,9,IN
166,28,13,2,OUT
163,28,14,15,OUT
164,28,14,18,OUT
166,28,14,4,OUT
167,28,14,8,OUT
168,28,14,13,OUT
163,28,16,2,OUT
164,28,16,19,IN
167,28,16,18,IN
168,28,16,6,OUT
163,28,18,1,IN
167,28,18,27,IN
163,28,19,3,OUT
164,28,19,10,IN
167,28,19,4,OUT
169,29,1,36,IN
169,29,1,82,OUT
170,29,1,8,IN
170,29,1,79,OUT
171,29,1,37,IN
171,29,1,20,OUT
173,29,1,54,IN
173,29,1,23,OUT
174,29,1,36,IN
174,29,1,64,OUT
170,29,2,3,OUT
171,29,2,33,OUT
173,29,2,18,IN
173,29,2,4,OUT
174,29,2,5,OUT
170,29,3,4,OUT
172,29,3,17,OUT
173,29,3,4,OUT
174,29,3,23,OUT
172,29,4,107,IN
172,29,4,1,OUT
174,29,4,77,IN
169,29,5,10,OUT
170,29,5,21,OUT
171,29,5,5,IN
171,29,5,10,OUT
172,29,5,2,IN
172,29,5,6,OUT
173,29,5,37,IN
173,29,5,7,OUT
174,29,5,16,OUT
169,29,6,2,OUT
170,29,6,6,OUT
172,29,6,2,OUT
174,29,6,2,OUT
169,29,7,5,OUT
170,29,7,7,OUT
172,29,7,2,OUT
173,29,7,18,OUT
170,29,8,44,IN
172,29,8,16,IN
173,29,8,36,IN
169,29,9,38,IN
170,29,9,27,IN
172,29,9,53,IN
174,29,9,2,OUT
169,29,11,78,IN
169,29,11,1,OUT
173,29,11,1,OUT
170,29,12,6,OUT
172,29,12,5,OUT
173,29,12,10,OUT
174,29,12,31,OUT
169,29,13,48,IN
170,29,13,16,IN
172,29,13,16,IN
173,29,13,20,IN
174,29,13,7,IN
169,29,14,8,OUT
170,29,14,2,OUT
172,29,14,3,OUT
173,29,14,11,OUT
174,29,14,14,OUT
170,29,15,67,IN
172,29,15,2,OUT
169,29,16,18,IN
169,29,16,5,OUT
170,29,16,5,OUT
171,29,16,19,IN
172,29,16,1,IN
172,29,16,17,OUT
173,29,16,7,OUT
174,29,16,3,OUT
169,29,18,27,IN
172,29,18,27,IN
173,29,18,21,IN
174,29,18,7,IN
170,29,19,14,OUT
174,29,19,15,OUT
169,29,20,55,OUT
170,29,20,28,OUT
175,30,1,19,IN
175,30,1,15,OUT
178,30,1,36,IN
178,30,1,21,OUT
179,30,1,44,OUT
180,30,1,36,IN
180,30,1,27,OUT
175,30,2,17,OUT
176,30,2,40,OUT
178,30,2,18,IN
179,30,2,36,IN
179,30,2,4,OUT
180,30,2,18,IN
176,30,3,4,OUT
178,30,3,46,OUT
179,30,3,3,OUT
175,30,4,30,IN
175,30,5,8,OUT
178,30,5,2,OUT
179,30,5,10,OUT
180,30,5,15,OUT
175,30,6,12,OUT
176,30,6,19,IN
176,30,6,8,OUT
178,30,6,29,OUT
179,30,6,18,IN
179,30,6,6,OUT
180,30,6,7,OUT
175,30,7,3,OUT
176,30,7,46,OUT
178,30,7,6,OUT
179,30,7,48,OUT
178,30,9,49,IN
180,30,9,33,IN
180,30,9,2,OUT
175,30,11,94,IN
175,30,12,3,OUT
178,30,12,23,OUT
179,30,12,3,OUT
179,30,13,77,IN
175,30,14,20,OUT
176,30,14,2,OUT
178,30,14,4,OUT
179,30,14,2,OUT
180,30,14,8,OUT
175,30,16,10,OUT
178,30,16,18,OUT
179,30,16,13,OUT
180,30,16,3,OUT
180,30,17,34,OUT
175,30,18,27,IN
180,30,18,36,IN
175,30,19,46,IN
175,30,19,19,OUT
177,30,19,23,IN
178,30,19,3,OUT
179,30,19,2,OUT
178,30,20,54,OUT
180,30,20,28,OUT
181,31,1,37,IN
181,31,1,68,OUT
183,31,1,36,IN
183,31,1,4,OUT
184,31,1,23,IN
184,31,1,26,OUT
185,31,1,18,IN
185,31,1,15,OUT
186,31,1,36,IN
181,31,2,18,IN
181,31,2,8,OUT
183,31,2,20,OUT
184,31,2,18,IN
184,31,2,2,OUT
185,31,2,19,IN
185,31,2,5,OUT
186,31,2,7,OUT
183,31,3,3,OUT
185,31,3,12,OUT
184,31,4,46,IN
185,31,4,61,IN
181,31,5,37,IN
181,31,5,2,OUT
183,31,5,9,OUT
184,31,5,1,OUT
185,31,5,12,OUT
186,31,5,12,OUT
183,31,6,2,OUT
184,31,6,11,OUT
185,31,6,2,OUT
186,31,6,1,OUT
183,31,7,2,OUT
184,31,7,5,OUT
185,31,7,2,OUT
181,31,8,59,IN
185,31,8,28,IN
186,31,8,21,IN
181,31,9,2,OUT
184,31,9,1,OUT
186,31,9,2,OUT
181,31,10,68,OUT
185,31,10,26,IN
185,31,10,68,OUT
184,31,11,1,OUT
182,31,12,28,OUT
181,31,14,6,OUT
183,31,14,6,OUT
184,31,14,6,OUT
185,31,14,9,OUT
186,31,14,9,OUT
181,31,16,3,OUT
184,31,16,10,OUT
186,31,16,5,OUT
184,31,17,34,OUT
181,31,18,19,IN
183,31,18,10,IN
184,31,18,17,IN
185,31,18,27,IN
185,31,19,11,OUT
181,31,20,28,OUT
184,31,20,27,OUT
187,32,1,54,IN
187,32,1,39,OUT
188,32,1,18,IN
188,32,1,10,OUT
190,32,1,36,IN
190,32,1,32,OUT
191,32,1,36,IN
191,32,1,91,OUT
192,32,1,18,IN
192,32,1,18,OUT
187,32,2,36,IN
188,32,2,18,IN
189,32,2,3,OUT
192,32,2,2,OUT
190,32,3,3,OUT
191,32,3,30,OUT
192,32,3,3,OUT
187,32,5,4,OUT
189,32,5,3,OUT
190,32,5,2,OUT
191,32,5,10,OUT
192,32,5,8,OUT
187,32,6,14,OUT
190,32,6,16,OUT
191,32,6,2,OUT
192,32,6,10,OUT
187,32,7,21,OUT
189,32,7,3,OUT
191,32,7,13,OUT
192,32,7,16,OUT
190,32,8,22,IN
191,32,8,7,IN
187,32,9,3,OUT
190,32,9,67,IN
192,32,9,2,OUT
189,32,11,2,OUT
190,32,11,1,IN
191,32,11,77,IN
189,32,12,34,OUT
190,32,12,8,OUT
191,32,12,5,OUT
187,32,14,7,OUT
189,32,14,10,OUT
190,32,14,8,OUT
191,32,14,8,OUT
192,32,14,23,OUT
187,32,15,54,IN
189,32,15,47,IN
189,32,15,2,OUT
191,32,15,63,IN
192,32,15,38,IN
187,32,16,2,OUT
190,32,16,55,IN
189,32,18,13,IN
190,32,18,14,IN
191,32,18,28,IN
192,32,18,27,IN
190,32,19,4,OUT
191,32,19,5,OUT
192,32,20,27,OUT
193,33,1,54,IN
193,33,1,2,OUT
194,33,1,18,IN
195,33,1,37,IN
195,33,1,135,OUT
196,33,1,54,IN
196,33,1,24,OUT
197,33,1,54,IN
197,33,1,42,OUT
198,33,1,20,IN
198,33,1,38,OUT
193,33,2,3,OUT
197,33,2,32,OUT
198,33,2,16,OUT
193,33,3,2,OUT
196,33,3,8,OUT
197,33,3,3,OUT
198,33,3,10,OUT
195,33,4,107,IN
193,33,5,18,IN
193,33,5,6,OUT
195,33,5,19,IN
195,33,5,1,OUT
196,33,5,7,OUT
197,33,5,19,IN
197,33,5,9,OUT
198,33,5,15,OUT
193,33,6,15,OUT
195,33,6,4,OUT
196,33,6,7,OUT
197,33,6,18,IN
193,33,7,17,OUT
194,33,7,20,OUT
195,33,7,12,OUT
196,33,7,7,OUT
198,33,7,29,OUT
193,33,8,49,IN
195,33,8,33,IN
193,33,9,34,IN
195,33,9,31,IN
196,33,9,69,IN
197,33,9,1,OUT
198,33,9,3,OUT
193,33,12,5,OUT
195,33,12,8,OUT
196,33,12,5,OUT
197,33,12,2,OUT
197,33,13,15,IN
198,33,13,77,IN
193,33,14,4,OUT
194,33,14,3,OUT
195,33,14,5,OUT
196,33,14,7,OUT
197,33,14,3,OUT
198,33,14,17,OUT
195,33,16,2,OUT
196,33,16,8,OUT
197,33,16,18,IN
197,33,16,3,OUT
198,33,16,18,IN
198,33,16,2,OUT
196,33,17,34,OUT
197,33,17,70,OUT
193,33,18,27,IN
196,33,18,11,IN
197,33,18,43,IN
198,33,18,28,IN
193,33,19,8,OUT
195,33,19,1,OUT
196,33,19,17,OUT
197,33,19,15,OUT
198,33,19,6,OUT
193,33,20,83,OUT
196,33,20,28,OUT
198,33,20,28,OUT
199,34,1,5,OUT
200,34,1,36,IN
201,34,1,4,OUT
204,34,1,36,IN
204,34,1,3,OUT
199,34,2,35,OUT
201,34,2,18,OUT
202,34,2,36,IN
202,34,2,3,OUT
203,34,2,18,IN
199,34,3,4,OUT
203,34,3,18,OUT
204,34,3,4,OUT
199,34,4,45,IN
201,34,4,44,IN
202,34,4,1,OUT
199,34,5,2,OUT
200,34,5,37,IN
202,34,5,3,OUT
204,34,5,14,OUT
199,34,6,5,OUT
200,34,6,31,OUT
202,34,6,18,IN
203,34,6,38,OUT
204,34,6,15,OUT
199,34,7,8,OUT
203,34,7,49,OUT
204,34,7,68,OUT
201,34,8,59,IN
199,34,9,1,OUT
204,34,9,1,OUT
202,34,10,104,OUT
199,34,11,1,OUT
200,34,11,1,OUT
202,34,12,9,OUT
203,34,12,8,OUT
204,34,12,19,OUT
201,34,13,20,IN
202,34,13,92,IN
199,34,14,21,OUT
200,34,14,12,OUT
202,34,14,8,OUT
203,34,14,6,OUT
204,34,14,16,OUT
199,34,16,3,OUT
201,34,16,18,IN
202,34,16,18,IN
202,34,16,8,OUT
204,34,16,1,OUT
203,34,17,102,OUT
199,34,19,1,OUT
201,34,19,46,IN
203,34,19,14,OUT
204,34,19,3,OUT
203,34,20,55,OUT
205,35,1,73,IN
205,35,1,6,OUT
207,35,1,152,OUT
208,35,1,73,IN
208,35,1,45,OUT
210,35,1,31,OUT
208,35,2,72,IN
209,35,2,50,OUT
210,35,2,47,OUT
205,35,3,79,OUT
208,35,3,3,OUT
209,35,3,14,OUT
210,35,3,11,OUT
206,35,5,2,OUT
207,35,5,37,IN
209,35,5,3,OUT
210,35,5,3,OUT
205,35,6,8,OUT
207,35,6,2,OUT
208,35,6,18,IN
209,35,6,16,OUT
205,35,7,6,IN
205,35,7,7,OUT
206,35,7,1,OUT
207,35,7,6,IN
209,35,7,19,OUT
210,35,7,8,OUT
205,35,8,59,IN
205,35,8,1,OUT
207,35,8,1,IN
208,35,8,33,IN
209,35,8,27,IN
205,35,9,1,OUT
209,35,9,51,IN
210,35,9,48,IN
210,35,9,1,OUT
207,35,10,69,OUT
209,35,10,34,OUT
205,35,12,2,OUT
207,35,12,3,OUT
208,35,12,7,OUT
209,35,12,12,OUT
210,35,12,3,OUT
207,35,13,1,OUT
208,35,13,2,OUT
205,35,14,32,OUT
206,35,14,40,OUT
207,35,14,8,OUT
208,35,14,3,OUT
209,35,14,3,OUT
210,35,14,7,OUT
208,35,15,2,OUT
205,35,16,3,OUT
206,35,16,11,OUT
207,35,16,7,OUT
208,35,16,8,OUT
210,35,16,3,OUT
208,35,18,27,IN
210,35,18,21,IN
205,35,19,3,IN
206,35,19,23,IN
207,35,19,3,OUT
209,35,19,23,IN
209,35,19,1,OUT
206,35,20,54,OUT
208,35,20,27,OUT
214,36,1,54,IN
215,36,1,18,IN
215,36,1,42,OUT
211,36,2,8,OUT
214,36,2,10,OUT
215,36,2,3,OUT
216,36,2,18,IN
211,36,3,11,OUT
215,36,3,14,OUT
211,36,5,15,OUT
214,36,5,4,OUT
216,36,5,3,OUT
211,36,6,15,OUT
214,36,6,6,IN
214,36,6,9,OUT
215,36,6,6,OUT
216,36,6,1,IN
216,36,6,3,OUT
216,36,7,15,OUT
214,36,8,21,IN
215,36,8,39,IN
211,36,9,1,IN
211,36,9,3,OUT
214,36,11,66,IN
215,36,11,25,IN
215,36,11,1,OUT
211,36,12,19,OUT
214,36,12,6,OUT
215,36,12,12,OUT
215,36,13,39,IN
216,36,13,59,IN
211,36,14,11,OUT
214,36,14,18,OUT
215,36,14,12,OUT
216,36,14,9,OUT
211,36,15,100,IN
211,36,16,6,OUT
214,36,16,7,OUT
215,36,16,14,OUT
216,36,16,6,OUT
211,36,18,6,IN
211,36,19,5,OUT
214,36,19,5,OUT
215,36,19,34,OUT
216,36,19,12,OUT
217,37,1,37,IN
217,37,1,51,OUT
218,37,1,90,IN
218,37,1,3,OUT
219,37,1,13,IN
219,37,1,50,OUT
220,37,1,54,IN
220,37,1,60,OUT
221,37,1,73,IN
221,37,1,43,OUT
218,37,2,9,OUT
219,37,2,27,OUT
220,37,2,11,OUT
221,37,2,75,IN
221,37,2,8,OUT
221,37,3,2,OUT
217,37,5,8,OUT
218,37,5,18,OUT
219,37,5,3,OUT
220,37,5,36,IN
220,37,5,12,OUT
221,37,5,6,OUT
217,37,6,9,OUT
218,37,6,5,IN
218,37,6,1,OUT
220,37,6,3,OUT
217,37,7,38,OUT
218,37,7,21,OUT
219,37,7,15,OUT
221,37,7,5,OUT
222,37,7,50,OUT
217,37,9,4,OUT
218,37,9,1,OUT
219,37,9,1,OUT
220,37,9,3,OUT
219,37,10,69,OUT
220,37,10,34,OUT
218,37,11,1,OUT
217,37,14,12,OUT
218,37,14,16,OUT
219,37,14,5,OUT
220,37,14,12,OUT
221,37,14,5,OUT
222,37,14,2,OUT
217,37,15,54,IN
220,37,15,47,IN
218,37,16,9,OUT
219,37,17,34,OUT
220,37,17,68,OUT
221,37,18,28,IN
218,37,19,25,IN
218,37,19,19,OUT
220,37,19,11,OUT
220,37,20,55,OUT
223,38,1,80,OUT
224,38,1,74,IN
224,38,1,6,OUT
225,38,1,23,IN
225,38,1,20,OUT
226,38,1,72,IN
226,38,1,63,OUT
227,38,1,17,IN
227,38,1,37,OUT
224,38,2,8,OUT
225,38,2,8,OUT
226,38,2,54,IN
226,38,2,7,OUT
227,38,2,18,IN
227,38,2,5,OUT
224,38,3,4,OUT
225,38,3,8,OUT
227,38,3,6,OUT
228,38,3,36,OUT
226,38,4,1,OUT
227,38,4,89,IN
223,38,5,6,OUT
226,38,5,4,OUT
227,38,5,11,OUT
225,38,6,13,IN
225,38,6,18,OUT
226,38,6,18,IN
227,38,6,5,OUT
223,38,7,12,OUT
224,38,7,2,OUT
225,38,7,9,OUT
227,38,7,35,OUT
223,38,8,2,IN
224,38,8,82,IN
223,38,9,1,OUT
224,38,9,1,OUT
225,38,9,4,OUT
226,38,9,3,OUT
227,38,9,1,OUT
226,38,11,1,OUT
227,38,11,20,IN
227,38,11,9,OUT
223,38,12,10,OUT
224,38,12,36,OUT
225,38,12,20,OUT
227,38,12,8,OUT
227,38,13,1,OUT
223,38,14,4,OUT
224,38,14,9,OUT
225,38,14,3,OUT
226,38,14,7,OUT
227,38,14,7,OUT
224,38,15,2,OUT
224,38,16,8,OUT
225,38,16,3,OUT
227,38,16,7,OUT
226,38,17,102,OUT
223,38,18,27,IN
224,38,18,27,IN
225,38,18,6,IN
226,38,18,21,IN
223,38,19,2,OUT
224,38,19,19,OUT
225,38,19,3,OUT
226,38,19,5,OUT
227,38,19,23,IN
227,38,19,1,OUT
229,39,1,126,IN
229,39,1,2,OUT
230,39,1,36,IN
230,39,1,19,OUT
231,39,1,36,IN
232,39,1,56,IN
232,39,1,45,OUT
233,39,1,18,IN
232,39,2,6,OUT
229,39,3,1,OUT
230,39,3,9,OUT
231,39,3,6,OUT
232,39,3,10,OUT
233,39,3,44,OUT
234,39,3,36,OUT
229,39,5,11,OUT
230,39,5,19,IN
230,39,5,12,OUT
231,39,5,19,IN
231,39,5,10,OUT
232,39,5,14,OUT
233,39,5,25,OUT
230,39,6,20,IN
232,39,6,8,IN
232,39,6,14,OUT
233,39,6,23,OUT
234,39,6,18,OUT
229,39,7,6,OUT
231,39,7,22,OUT
231,39,8,36,IN
232,39,8,24,IN
231,39,9,1,OUT
232,39,9,2,OUT
233,39,9,3,OUT
231,39,10,34,OUT
229,39,11,77,IN
230,39,11,1,OUT
230,39,12,3,OUT
231,39,12,4,OUT
232,39,12,8,OUT
233,39,12,19,OUT
234,39,12,20,OUT
232,39,13,1,OUT
229,39,14,3,OUT
230,39,14,8,OUT
231,39,14,1,OUT
232,39,14,11,OUT
233,39,14,16,OUT
234,39,14,8,OUT
230,39,15,2,OUT
231,39,15,24,IN
232,39,15,71,IN
233,39,15,5,IN
229,39,16,2,OUT
230,39,16,3,OUT
231,39,16,2,OUT
232,39,16,5,OUT
233,39,16,72,IN
233,39,16,7,OUT
232,39,19,17,OUT
233,39,19,3,IN
233,39,19,2,OUT
230,39,20,29,OUT
231,39,20,27,OUT
235,40,1,4,OUT
236,40,1,37,IN
236,40,1,78,OUT
237,40,1,37,IN
237,40,1,95,OUT
238,40,1,18,IN
238,40,1,67,OUT
239,40,1,56,IN
235,40,2,36,IN
235,40,2,7,OUT
236,40,2,18,IN
236,40,2,6,OUT
237,40,2,3,OUT
239,40,2,5,OUT
235,40,3,31,OUT
236,40,3,12,OUT
237,40,3,20,OUT
239,40,3,22,OUT
237,40,5,19,IN
238,40,5,18,IN
238,40,5,3,OUT
239,40,5,4,OUT
235,40,6,4,OUT
236,40,6,9,OUT
237,40,6,1,OUT
238,40,6,15,OUT
240,40,6,13,OUT
236,40,7,13,OUT
237,40,7,2,OUT
238,40,7,10,IN
239,40,7,6,IN
240,40,7,21,OUT
237,40,8,41,IN
238,40,8,19,IN
238,40,9,1,OUT
235,40,11,1,OUT
237,40,11,80,IN
238,40,11,9,IN
238,40,11,2,OUT
239,40,11,1,OUT
235,40,12,26,OUT
237,40,12,16,OUT
239,40,12,10,OUT
235,40,13,45,IN
236,40,13,30,IN
237,40,13,17,IN
235,40,14,2,OUT
236,40,14,5,OUT
237,40,14,10,OUT
238,40,14,12,OUT
239,40,14,24,OUT
240,40,14,2,OUT
235,40,16,4,OUT
238,40,16,36,IN
238,40,16,7,OUT
239,40,16,3,OUT
236,40,18,26,IN
237,40,18,22,IN
238,40,18,6,IN
237,40,19,46,IN
237,40,19,10,OUT
239,40,19,23,IN
240,40,19,46,IN
236,40,20,28,OUT
237,40,20,27,OUT
241,41,1,18,IN
242,41,1,18,IN
243,41,1,18,IN
244,41,1,33,IN
244,41,1,19,OUT
245,41,1,36,IN
245,41,1,2,OUT
245,41,2,3,OUT
241,41,3,1,OUT
242,41,3,7,OUT
245,41,3,18,OUT
246,41,3,10,OUT
241,41,4,89,IN
241,41,5,2,OUT
242,41,5,37,IN
242,41,5,2,OUT
243,41,5,18,IN
244,41,5,6,OUT
245,41,5,3,OUT
242,41,6,5,OUT
243,41,6,2,OUT
244,41,6,3,IN
244,41,6,8,OUT
245,41,6,14,OUT
246,41,6,9,OUT
241,41,7,3,IN
241,41,7,9,OUT
242,41,7,14,OUT
243,41,7,23,OUT
245,41,7,8,OUT
244,41,8,36,IN
245,41,8,24,IN
241,41,9,51,IN
241,41,9,1,OUT
242,41,9,30,IN
242,41,9,1,OUT
243,41,9,19,IN
245,41,9,1,OUT
244,41,10,33,OUT
242,41,11,1,OUT
244,41,11,5,OUT
241,41,12,5,OUT
242,41,12,6,OUT
245,41,12,3,OUT
246,41,12,2,OUT
241,41,14,4,OUT
242,41,14,3,OUT
243,41,14,1,OUT
244,41,14,21,OUT
245,41,14,33,OUT
246,41,14,4,OUT
243,41,15,51,IN
244,41,15,49,IN
242,41,16,4,OUT
245,41,16,1,OUT
244,41,17,102,OUT
242,41,18,34,IN
243,41,18,21,IN
241,41,19,2,OUT
242,41,19,3,OUT
243,41,19,5,OUT
245,41,19,19,OUT
248,42,1,40,OUT
249,42,1,3,IN
249,42,1,36,OUT
250,42,1,8,OUT
251,42,1,55,OUT
252,42,1,17,OUT
249,42,2,4,OUT
250,42,2,3,OUT
247,42,3,9,OUT
248,42,3,15,OUT
249,42,3,5,OUT
250,42,3,32,OUT
251,42,3,10,OUT
252,42,3,2,OUT
247,42,4,38,IN
248,42,4,56,IN
250,42,4,1,OUT
247,42,5,9,OUT
248,42,5,6,OUT
249,42,5,12,IN
249,42,5,27,OUT
250,42,5,16,OUT
251,42,5,18,IN
251,42,5,18,OUT
249,42,6,18,OUT
250,42,6,19,IN
250,42,6,5,OUT
252,42,6,36,OUT
247,42,7,5,OUT
249,42,7,38,OUT
250,42,7,12,OUT
251,42,7,4,OUT
251,42,8,60,IN
247,42,9,1,OUT
249,42,9,2,OUT
250,42,9,2,OUT
251,42,11,1,OUT
247,42,12,12,OUT
248,42,12,17,OUT
249,42,12,10,OUT
251,42,12,15,OUT
247,42,13,1,OUT
248,42,13,21,IN
249,42,13,72,IN
247,42,14,5,OUT
248,42,14,7,OUT
249,42,14,13,OUT
250,42,14,11,OUT
251,42,14,15,OUT
252,42,14,7,OUT
247,42,16,5,OUT
248,42,16,3,OUT
250,42,16,14,OUT
251,42,16,9,OUT
249,42,18,7,IN
250,42,18,43,IN
251,42,18,4,IN
249,42,19,1,OUT
250,42,19,9,OUT
251,42,19,23,IN
254,43,1,17,OUT
256,43,1,34,IN
256,43,1,40,OUT
257,43,1,108,IN
256,43,2,4,OUT
257,43,2,2,OUT
254,43,3,12,OUT
255,43,3,12,OUT
256,43,3,7,OUT
257,43,3,3,OUT
258,43,3,2,OUT
255,43,4,55,IN
254,43,5,8,OUT
255,43,5,6,OUT
256,43,5,19,IN
257,43,5,20,OUT
254,43,6,8,IN
254,43,6,10,OUT
255,43,6,16,OUT
256,43,6,19,IN
256,43,6,4,OUT
257,43,6,12,OUT
258,43,6,5,OUT
254,43,7,14,OUT
255,43,7,65,OUT
256,43,7,9,OUT
257,43,7,47,OUT
258,43,7,31,OUT
256,43,8,13,IN
256,43,10,102,OUT
254,43,11,21,IN
255,43,11,73,IN
255,43,11,1,OUT
256,43,11,1,OUT
254,43,12,12,OUT
255,43,12,23,OUT
256,43,12,9,OUT
254,43,14,13,OUT
255,43,14,5,OUT
256,43,14,7,OUT
257,43,14,12,OUT
258,43,14,5,OUT
255,43,15,2,OUT
255,43,16,1,OUT
256,43,16,6,OUT
258,43,16,3,OUT
255,43,17,68,OUT
256,43,17,34,OUT
255,43,19,7,OUT
256,43,19,17,OUT
256,43,20,111,OUT
259,44,1,36,IN
259,44,1,4,OUT
260,44,1,36,IN
260,44,1,17,OUT
261,44,1,6,OUT
262,44,1,20,OUT
263,44,1,36,IN
263,44,1,33,OUT
264,44,1,8,OUT
260,44,2,4,OUT
261,44,2,18,OUT
263,44,2,4,OUT
264,44,2,21,OUT
259,44,3,18,OUT
260,44,3,45,OUT
261,44,3,45,OUT
260,44,4,30,IN
261,44,4,95,IN
259,44,5,10,OUT
260,44,5,4,OUT
263,44,5,19,IN
263,44,5,4,OUT
259,44,6,2,OUT
260,44,6,7,OUT
261,44,6,18,IN
261,44,6,18,OUT
262,44,6,2,OUT
263,44,6,18,IN
263,44,6,2,OUT
264,44,6,6,OUT
259,44,7,5,OUT
260,44,7,15,OUT
263,44,7,5,OUT
259,44,8,23,IN
259,44,9,1,OUT
261,44,9,6,OUT
262,44,9,25,IN
263,44,9,20,IN
263,44,9,1,OUT
262,44,11,1,OUT
259,44,12,7,OUT
260,44,12,5,OUT
261,44,12,10,OUT
261,44,13,1,OUT
259,44,14,6,OUT
260,44,14,13,OUT
262,44,14,9,OUT
263,44,14,9,OUT
264,44,14,1,OUT
259,44,15,34,IN
262,44,16,9,OUT
260,44,18,1,OUT
262,44,18,35,IN
263,44,18,19,IN
259,44,19,3,OUT
260,44,19,8,OUT
263,44,19,9,OUT
266,45,1,55,IN
266,45,1,20,OUT
267,45,1,18,IN
267,45,1,20,OUT
268,45,1,38,IN
268,45,1,18,OUT
269,45,1,54,IN
269,45,1,28,OUT
270,45,1,18,IN
270,45,1,62,OUT
267,45,2,15,OUT
269,45,2,22,OUT
266,45,3,18,OUT
267,45,3,33,OUT
268,45,3,31,OUT
267,45,4,62,IN
268,45,4,40,IN
266,45,5,21,OUT
267,45,5,18,IN
267,45,5,25,OUT
268,45,5,2,OUT
269,45,5,19,IN
269,45,5,23,OUT
270,45,5,7,IN
270,45,5,10,OUT
266,45,6,19,IN
267,45,6,18,OUT
268,45,6,9,IN
269,45,6,1,OUT
266,45,7,26,OUT
267,45,7,3,OUT
268,45,7,9,OUT
269,45,7,33,OUT
270,45,7,2,IN
270,45,7,34,OUT
266,45,8,21,IN
267,45,8,39,IN
267,45,9,2,OUT
269,45,9,1,OUT
269,45,10,46,OUT
268,45,11,1,OUT
269,45,11,1,OUT
266,45,12,8,OUT
267,45,12,14,OUT
268,45,12,15,OUT
270,45,12,7,OUT
269,45,13,93,IN
266,45,14,7,OUT
267,45,14,14,OUT
268,45,14,8,OUT
269,45,14,9,OUT
270,45,14,11,OUT
268,45,15,4,OUT
266,45,16,4,OUT
267,45,16,9,OUT
268,45,16,20,OUT
269,45,16,2,OUT
270,45,16,2,OUT
266,45,18,27,IN
269,45,18,27,IN
265,45,19,23,IN
269,45,19,2,OUT
270,45,20,27,OUT
273,46,1,4,OUT
274,46,1,37,IN
274,46,1,32,OUT
275,46,1,18,IN
275,46,1,100,OUT
276,46,1,54,IN
276,46,1,123,OUT
274,46,2,4,OUT
275,46,2,3,OUT
276,46,2,12,OUT
273,46,3,12,OUT
274,46,3,46,OUT
275,46,3,13,OUT
276,46,3,12,OUT
273,46,4,83,IN
274,46,4,10,IN
273,46,5,3,OUT
274,46,5,38,IN
274,46,5,13,OUT
275,46,5,2,IN
276,46,5,18,IN
276,46,5,19,OUT
271,46,6,32,OUT
273,46,6,8,OUT
274,46,6,18,IN
274,46,6,1,OUT
276,46,6,12,OUT
271,46,7,3,OUT
276,46,7,6,OUT
274,46,8,21,IN
275,46,8,39,IN
274,46,9,2,OUT
276,46,9,2,OUT
273,46,11,3,IN
273,46,11,1,OUT
274,46,11,82,IN
275,46,11,9,IN
271,46,12,8,OUT
273,46,12,14,OUT
274,46,12,19,OUT
275,46,12,2,OUT
276,46,12,8,OUT
276,46,13,1,OUT
271,46,14,5,OUT
272,46,14,2,OUT
273,46,14,4,OUT
274,46,14,9,OUT
275,46,14,3,OUT
276,46,14,12,OUT
273,46,15,2,OUT
273,46,16,7,OUT
274,46,16,7,OUT
275,46,16,5,OUT
274,46,17,1,IN
276,46,17,34,OUT
274,46,18,10,IN
275,46,18,17,IN
276,46,18,1,OUT
273,46,19,9,OUT
275,46,19,24,IN
276,46,19,9,OUT
271,46,20,27,OUT
274,46,20,9,IN
275,46,20,54,OUT
276,46,20,28,OUT
277,47,1,18,IN
277,47,1,7,OUT
278,47,1,18,IN
278,47,1,2,OUT
279,47,1,40,OUT
280,47,1,73,IN
281,47,1,37,IN
281,47,1,3,OUT
282,47,1,37,IN
282,47,1,108,OUT
277,47,2,5,OUT
278,47,2,4,OUT
279,47,2,3,OUT
280,47,2,8,OUT
281,47,2,9,OUT
277,47,3,14,OUT
278,47,3,28,OUT
279,47,3,38,OUT
280,47,3,14,OUT
281,47,4,46,IN
282,47,4,16,IN
277,47,5,8,OUT
278,47,5,4,OUT
279,47,5,18,IN
279,47,5,7,OUT
280,47,5,12,OUT
281,47,5,21,IN
281,47,5,15,OUT
282,47,5,2,OUT
277,47,6,39,OUT
278,47,6,3,OUT
279,47,6,18,IN
279,47,6,30,OUT
280,47,6,5,OUT
281,47,6,25,OUT
277,47,7,10,OUT
278,47,7,22,OUT
279,47,7,17,OUT
280,47,7,26,OUT
281,47,7,3,OUT
282,47,7,2,OUT
277,47,8,55,IN
278,47,8,5,IN
280,47,8,21,IN
281,47,8,33,IN
282,47,8,66,IN
277,47,9,2,OUT
281,47,9,5,OUT
281,47,11,1,OUT
282,47,11,43,IN
277,47,12,21,OUT
278,47,12,8,OUT
279,47,12,11,OUT
280,47,12,4,OUT
278,47,13,62,IN
279,47,13,31,IN
277,47,14,6,OUT
278,47,14,1,OUT
279,47,14,3,OUT
280,47,14,16,OUT
281,47,14,18,OUT
282,47,14,8,OUT
279,47,15,100,IN
277,47,16,5,OUT
278,47,16,3,OUT
281,47,16,6,OUT
277,47,19,33,OUT
279,47,19,1,OUT
281,47,19,3,OUT
282,47,19,23,IN
282,47,20,28,OUT
283,48,1,20,OUT
284,48,1,54,IN
284,48,1,21,OUT
285,48,1,55,IN
285,48,1,48,OUT
286,48,1,20,OUT
287,48,1,94,IN
288,48,1,18,IN
288,48,1,80,OUT
285,48,2,6,OUT
286,48,2,36,IN
287,48,2,2,IN
288,48,2,9,IN
284,48,3,4,OUT
285,48,3,16,OUT
286,48,3,19,OUT
288,48,3,2,OUT
288,48,4,20,IN
285,48,5,37,IN
286,48,5,8,OUT
287,48,5,26,OUT
288,48,5,9,OUT
284,48,6,8,OUT
285,48,6,4,OUT
286,48,6,8,OUT
287,48,6,37,IN
287,48,6,4,OUT
288,48,6,1,OUT
284,48,7,2,IN
285,48,7,20,OUT
286,48,7,18,OUT
287,48,7,14,IN
287,48,7,69,OUT
288,48,7,3,IN
288,48,7,31,OUT
284,48,9,1,OUT
286,48,9,3,OUT
287,48,9,20,IN
287,48,9,1,OUT
288,48,9,30,IN
288,48,9,3,OUT
284,48,11,51,IN
285,48,11,1,OUT
286,48,11,40,IN
287,48,11,53,IN
288,48,11,1,OUT
284,48,12,3,OUT
285,48,12,10,OUT
286,48,12,10,OUT
287,48,12,12,OUT
288,48,12,2,OUT
285,48,13,41,IN
286,48,13,36,IN
287,48,13,16,IN
284,48,14,6,OUT
285,48,14,5,OUT
286,48,14,4,OUT
287,48,14,3,OUT
288,48,14,5,OUT
284,48,15,2,OUT
288,48,15,61,IN
286,48,16,8,OUT
288,48,16,36,IN
288,48,16,3,OUT
287,48,17,34,OUT
284,48,19,20,OUT
286,48,19,26,OUT
287,48,19,2,OUT
288,48,19,11,OUT
283,48,20,27,OUT
290,49,1,4,OUT
292,49,1,8,OUT
293,49,1,19,IN
294,49,1,18,IN
294,49,1,47,OUT
290,49,2,18,IN
290,49,2,6,OUT
291,49,2,36,IN
292,49,2,17,OUT
293,49,2,4,IN
293,49,2,8,OUT
294,49,2,6,OUT
289,49,3,1,OUT
290,49,3,5,OUT
291,49,3,24,OUT
292,49,3,81,OUT
293,49,3,22,OUT
290,49,4,40,IN
291,49,4,32,IN
290,49,5,4,OUT
291,49,5,18,IN
292,49,5,18,IN
292,49,5,2,OUT
293,49,5,15,OUT
294,49,5,36,IN
294,49,5,6,OUT
289,49,6,3,OUT
290,49,6,19,IN
290,49,6,8,OUT
291,49,6,34,OUT
292,49,6,21,OUT
293,49,6,7,IN
293,49,6,9,OUT
294,49,6,31,OUT
290,49,8,36,IN
291,49,8,24,IN
290,49,9,50,IN
290,49,9,2,OUT
293,49,9,17,IN
294,49,9,34,IN
294,49,9,2,OUT
291,49,10,6,IN
291,49,11,1,OUT
292,49,11,36,IN
293,49,11,58,IN
293,49,11,1,OUT
294,49,11,1,OUT
289,49,12,9,OUT
290,49,12,24,OUT
291,49,12,11,OUT
292,49,12,18,OUT
293,49,12,13,OUT
290,49,14,13,OUT
291,49,14,5,OUT
292,49,14,10,OUT
293,49,14,9,OUT
294,49,14,2,OUT
290,49,15,39,IN
290,49,16,9,OUT
291,49,16,8,OUT
292,49,16,18,IN
292,49,16,3,OUT
293,49,16,17,OUT
294,49,16,18,IN
294,49,16,3,OUT
293,49,18,27,IN
291,49,19,2,OUT
292,49,19,17,OUT
294,49,19,47,IN
296,50,1,20,OUT
297,50,1,18,IN
297,50,1,56,OUT
298,50,1,18,IN
298,50,1,21,OUT
299,50,1,36,IN
299,50,1,73,OUT
300,50,1,18,IN
300,50,1,20,OUT
296,50,2,5,OUT
298,50,2,4,OUT
299,50,2,13,IN
300,50,2,8,IN
296,50,3,6,OUT
297,50,3,35,OUT
299,50,3,9,OUT
300,50,3,3,OUT
298,50,4,30,IN
300,50,4,18,IN
296,50,5,6,OUT
297,50,5,12,OUT
298,50,5,9,OUT
299,50,5,53,OUT
300,50,5,19,IN
300,50,5,4,OUT
295,50,6,33,OUT
296,50,6,28,OUT
297,50,6,14,OUT
298,50,6,18,IN
296,50,7,5,OUT
297,50,7,4,OUT
298,50,7,22,OUT
300,50,7,25,OUT
295,50,8,1,OUT
299,50,8,60,IN
297,50,9,20,IN
298,50,9,29,IN
299,50,9,2,OUT
299,50,10,102,OUT
298,50,11,1,OUT
295,50,12,25,OUT
296,50,12,5,OUT
297,50,12,9,OUT
298,50,12,8,OUT
299,50,12,1,OUT
300,50,12,3,OUT
300,50,13,84,IN
295,50,14,12,OUT
296,50,14,9,OUT
297,50,14,5,OUT
298,50,14,7,OUT
299,50,14,24,OUT
300,50,14,2,OUT
298,50,15,70,IN
299,50,15,30,IN
299,50,16,2,OUT
300,50,16,5,OUT
298,50,17,137,OUT
299,50,17,34,OUT
296,50,18,13,IN
297,50,18,15,IN
295,50,19,23,IN
296,50,19,9,OUT
298,50,19,2,OUT
301,51,1,48,OUT
302,51,1,18,IN
302,51,1,40,OUT
303,51,1,1,OUT
304,51,1,36,IN
304,51,1,26,OUT
305,51,1,36,IN
305,51,1,3,OUT
301,51,2,15,OUT
302,51,2,43,OUT
304,51,2,18,IN
305,51,2,21,IN
305,51,2,3,OUT
301,51,3,43,OUT
303,51,3,18,OUT
304,51,3,18,OUT
305,51,3,8,OUT
302,51,4,24,IN
303,51,4,23,IN
301,51,5,7,OUT
302,51,5,8,OUT
303,51,5,18,IN
303,51,5,6,OUT
304,51,5,11,OUT
305,51,5,18,IN
305,51,5,5,OUT
301,51,6,15,OUT
303,51,6,12,OUT
304,51,6,7,OUT
305,51,6,19,IN
305,51,6,25,OUT
302,51,7,11,OUT
303,51,7,6,OUT
304,51,7,31,OUT
305,51,7,15,OUT
306,51,7,7,OUT
302,51,8,9,IN
303,51,8,34,IN
304,51,8,16,IN
302,51,9,20,IN
302,51,9,1,OUT
303,51,9,21,IN
304,51,9,27,IN
304,51,9,3,OUT
305,51,9,32,IN
304,51,10,68,OUT
304,51,11,31,IN
304,51,11,1,OUT
305,51,11,63,IN
301,51,12,4,OUT
302,51,12,24,OUT
304,51,12,23,OUT
302,51,13,9,IN
302,51,13,1,OUT
301,51,14,8,OUT
302,51,14,4,OUT
303,51,14,4,OUT
304,51,14,10,OUT
305,51,14,5,OUT
306,51,14,1,OUT
303,51,15,2,OUT
304,51,15,2,OUT
305,51,15,21,IN
302,51,16,9,OUT
305,51,16,4,OUT
304,51,17,34,OUT
302,51,18,14,IN
305,51,18,35,IN
302,51,19,7,OUT
304,51,19,7,OUT
306,51,19,1,OUT
307,52,1,37,IN
307,52,2,7,OUT
307,52,3,20,OUT
307,52,6,7,OUT
307,52,9,1,OUT
307,52,10,8,IN
307,52,10,34,OUT
307,52,11,1,OUT
307,52,12,5,OUT
307,52,13,2,OUT
307,52,14,1,OUT
307,52,15,30,IN
307,52,15,1,OUT
307,52,16,2,OUT
307,52,19,2,OUT